Group,N,Shapiro_p,Levene_p_all_groups,ANOVA_eta_sq
S,36,0.00020864735539719915,0.01248723137884275,0.7836441563192729
G,36,3.898800736577157e-09,0.01248723137884275,0.7836441563192729
P,36,0.6476238675363195,0.01248723137884275,0.7836441563192729
