feature,median_coef,sign_consistency,abs_median_coef
AGE,2.049249309824411,1.0,2.049249309824411
mean_GAPDH,-1.040161972434284,1.0,1.040161972434284
global_mean_ct_all7_proxy,-0.510424291445265,1.0,0.510424291445265
global_mean_ct_miRNA_only_proxy,-0.4381288716351244,1.0,0.4381288716351244
SEX_M,-0.17310079937493517,0.81,0.18421495947602914
