delta_median,delta_mean,ci_low,ci_high,n_boot_valid,task,comparison
0.0038610038610039643,0.004756395951681254,-0.0015481379645467558,0.017761648756230694,2000,Task2_G_vs_P,full_control - without_mean_GAPDH
0.03203125000000007,0.03530455860501819,-0.0015627766030684664,0.0929786361882716,2000,Task2_G_vs_P,full_control - without_broader_global_proxies
0.03263403263403264,0.03522470381334697,0.005405405405405461,0.07722007722007718,2000,Task2_G_vs_P,full_control - without_AGE_and_SEX
0.0,0.0,-1.1102230246251565e-16,1.1102230246251565e-16,2000,Task3_S_vs_P,full_control - without_mean_GAPDH
0.0,-7.771561172376096e-19,-1.1102230246251565e-16,1.1102230246251565e-16,2000,Task3_S_vs_P,full_control - without_broader_global_proxies
0.0,-1.6653345369377348e-19,-1.1102230246251565e-16,1.1102230246251565e-16,2000,Task3_S_vs_P,full_control - without_AGE_and_SEX
