,mean_mir146a,mean_mir146a,mean_mir146a,mean_mir146b,mean_mir146b,mean_mir146b,mean_mir155,mean_mir155,mean_mir155,mean_mir203,mean_mir203,mean_mir203,mean_mir223,mean_mir223,mean_mir223,mean_mir381p,mean_mir381p,mean_mir381p,mean_GAPDH,mean_GAPDH,mean_GAPDH,global_mean_ct_all7_proxy,global_mean_ct_all7_proxy,global_mean_ct_all7_proxy,global_mean_ct_miRNA_only_proxy,global_mean_ct_miRNA_only_proxy,global_mean_ct_miRNA_only_proxy
,mean,std,median,mean,std,median,mean,std,median,mean,std,median,mean,std,median,mean,std,median,mean,std,median,mean,std,median,mean,std,median
GROUP,,,,,,,,,,,,,,,,,,,,,,,,,,,
G,35.730833333611116,2.621267036568536,36.696666665,35.75675925972222,2.5790345781414996,36.74666667,35.78981481472223,2.5525011626532663,36.715,36.33500000055555,2.886173772126753,37.51666667,36.32314814750001,2.881324424728857,37.47833333,36.315555555833335,2.8184416503413816,37.466666665000005,35.90518518444444,2.0177550690663097,36.741666665,36.02232804234127,2.610454247854087,37.05976190571428,36.04185185199074,2.710760115848196,37.130000000833334
P,30.607314814166664,0.5664715742255654,30.681666665,30.72731481583333,0.5685156497184556,30.64833333,30.56305555611111,0.5513990147278625,30.53,30.726388888055553,0.5698562198511272,30.72,30.600925926111113,0.7544221420186257,30.62666667,30.696574073333334,0.655742151121452,30.5,31.387870370555554,0.37307657113376114,31.446666665000002,30.758492063452383,0.28891117363425467,30.766666667142854,30.65359567893519,0.3200050011039006,30.691944445833336
S,36.927499999999995,0.435794020807339,36.82,36.983333333333334,0.4535762654410285,36.85,36.937222222222225,0.4526027025429773,36.885,37.42722222222223,0.3751236833069567,37.5,37.4225,0.43057685559192344,37.545,37.44777777777778,0.3948099804145294,37.565,36.492222222222225,0.46906052677429344,36.68,37.09111111111111,0.3090501032362448,37.120000000000005,37.190925925925924,0.3032347941579382,37.19083333333333
