model,r_squared,adj_r_squared,f_pvalue
group_only,0.7836441563192689,0.7795230926301121,1.2483980015638635e-35
age_sex,0.298766770643186,0.28540994722686575,8.086872784565112e-09
clinical_only,0.7108234525818061,0.6905810942625326,2.8796804957867515e-24
group_plus_clinical,0.8008787596371068,0.7825921151139839,1.7572887793997754e-30
