Task,Model,Observed_AUC,Permutation_n,Perm_AUC_Mean,Perm_AUC_SD,Permutation_p_value
Task1_S_vs_G,combined_model_prespecified,0.7322530864197531,200,0.48236496913580246,0.08966822220678514,0.004975124378109453
Task2_G_vs_P,combined_model_prespecified,0.9976851851851851,200,0.47869598765432103,0.0944681263155613,0.004975124378109453
Task3_S_vs_P,combined_model_prespecified,1.0,200,0.4595601851851852,0.08927678369480738,0.004975124378109453
