Component,Explained_Variance_Ratio
PC1,0.7316614909220037
PC2,0.11287155156748767
