clinical_variable,r2_group_only,r2_group_plus_age
plaque_index,0.586616571783817,0.5868823094850533
gingival_index,0.6504809615735874,0.6531725805649995
pocket_depth,0.7906392449186567,0.7974989097408967
bleeding_on_probing,0.7706133131610234,0.7812034465533534
number_of_missing_teeth,0.09640773718145534,0.12631716719615327
