,AGE,mean_GAPDH,global_mean_ct_all7_proxy,global_mean_ct_miRNA_only_proxy
AGE,1.0,-0.6048890024822186,-0.5310356872110624,-0.5386932247285716
mean_GAPDH,-0.6048890024822186,1.0,0.8302314557263404,0.789535884612883
global_mean_ct_all7_proxy,-0.5310356872110624,0.8302314557263404,1.0,0.9936330310630909
global_mean_ct_miRNA_only_proxy,-0.5386932247285716,0.789535884612883,0.9936330310630909,1.0
