Model,Shapiro_P,BreuschPagan_P,Max_VIF
group_only,4.025621284614711e-14,0.00021467781459691366,1.3333333333333337
age_sex,1.5319665503930186e-05,0.00044662601419250166,1.0089184350891065
clinical_only,7.917609528593985e-08,0.06178374094691617,7.952302497263698
group_plus_clinical,1.5931979424824739e-12,0.007952651654598018,10.637196577150762
