delta_median,delta_mean,ci_low,ci_high,n_boot_valid,task,comparison
-0.0578414351851852,-0.060056117231307354,-0.12422073914895765,-0.01015389173761609,2000,Task2_G_vs_P,biomarker_plus_structure - structure_only
0.0,6.106226635438361e-19,-1.1102230246251565e-16,1.1102230246251565e-16,2000,Task3_S_vs_P,biomarker_plus_structure - structure_only
