Task,Marker,AUC_boot_median,AUC_boot_ci95_low,AUC_boot_ci95_high,Boot_n
Task1_S_vs_G,abd_mir146b,0.76283277324944,0.6722196691176471,0.8704975190033785,300
Task2_G_vs_P,abd_mir203,0.8510934198240699,0.7278937251984128,0.9473013506101741,300
Task3_S_vs_P,abd_mir203,0.9969111969111969,0.9859738308566434,1.0,300
