variable,rho,p_value
AGE,-0.5408980518339609,1.5104573109846609e-09
plaque_index,-0.5233446955470774,6.2019557254847264e-09
gingival_index,-0.4722369772213888,2.4725309659935734e-07
pocket_depth,-0.6186851178964353,9.642179085339405e-13
bleeding_on_probing,-0.5659635793898782,1.7363319452153318e-10
number_of_missing_teeth,-0.3265183659739387,0.0005630305847372083
