Task,Model_Family,max,median,mean,count
Task1_S_vs_G,single_marker,0.761574074074074,0.7283950617283951,0.7136702674897119,6
Task1_S_vs_G,small_panel_exploratory,0.7029320987654321,0.7029320987654321,0.7029320987654321,1
Task2_G_vs_P,single_marker,0.8410493827160495,0.8121141975308642,0.7982253086419754,6
Task2_G_vs_P,small_panel_exploratory,0.7924382716049383,0.7924382716049383,0.7924382716049383,1
Task3_S_vs_P,single_marker,0.992283950617284,0.9456018518518519,0.9501028806584362,6
Task3_S_vs_P,small_panel_exploratory,0.9699074074074074,0.9699074074074074,0.9699074074074074,1
